store_id,contact_name,contact_email,contact_phone,retailer_name
S01887,CONTATO SINTETICO 1,contato1@example.test,+55 11 910000001,REDE 33
S01440,CONTATO SINTETICO 2,contato2@example.test,+55 11 910000002,REDE 06
S00921,CONTATO SINTETICO 3,contato3@example.test,+55 11 910000003,REDE 12
S00811,CONTATO SINTETICO 4,contato4@example.test,+55 11 910000004,REDE 07
S02377,CONTATO SINTETICO 5,contato5@example.test,+55 11 910000005,REDE 33
S00203,CONTATO SINTETICO 6,contato6@example.test,+55 11 910000006,REDE 29
S00923,CONTATO SINTETICO 7,contato7@example.test,+55 11 910000007,REDE 14
S02191,CONTATO SINTETICO 8,contato8@example.test,+55 11 910000008,REDE 22
S02157,CONTATO SINTETICO 9,contato9@example.test,+55 11 910000009,REDE 23
S02266,CONTATO SINTETICO 10,contato10@example.test,+55 11 910000010,REDE 27
S02250,CONTATO SINTETICO 11,contato11@example.test,+55 11 910000011,REDE 11
S02089,CONTATO SINTETICO 12,contato12@example.test,+55 11 910000012,REDE 25
S01710,CONTATO SINTETICO 13,contato13@example.test,+55 11 910000013,REDE 31
S00217,CONTATO SINTETICO 14,contato14@example.test,+55 11 910000014,REDE 08
S02084,CONTATO SINTETICO 15,contato15@example.test,+55 11 910000015,REDE 20
S02085,CONTATO SINTETICO 16,contato16@example.test,+55 11 910000016,REDE 21
S01008,CONTATO SINTETICO 17,contato17@example.test,+55 11 910000017,REDE 29
S00521,CONTATO SINTETICO 18,contato18@example.test,+55 11 910000018,REDE 32
S02258,CONTATO SINTETICO 19,contato19@example.test,+55 11 910000019,REDE 19
S01723,CONTATO SINTETICO 20,contato20@example.test,+55 11 910000020,REDE 09
S00734,CONTATO SINTETICO 21,contato21@example.test,+55 11 910000021,REDE 35
S00582,CONTATO SINTETICO 22,contato22@example.test,+55 11 910000022,REDE 23
S00728,CONTATO SINTETICO 23,contato23@example.test,+55 11 910000023,REDE 29
S01311,CONTATO SINTETICO 24,contato24@example.test,+55 11 910000024,REDE 17
S02073,CONTATO SINTETICO 25,contato25@example.test,+55 11 910000025,REDE 09
S00513,CONTATO SINTETICO 26,contato26@example.test,+55 11 910000026,REDE 24
S01198,CONTATO SINTETICO 27,contato27@example.test,+55 11 910000027,REDE 09
S00713,CONTATO SINTETICO 28,contato28@example.test,+55 11 910000028,REDE 14
S01729,CONTATO SINTETICO 29,contato29@example.test,+55 11 910000029,REDE 15
S00211,CONTATO SINTETICO 30,contato30@example.test,+55 11 910000030,REDE 02
S02065,CONTATO SINTETICO 31,contato31@example.test,+55 11 910000031,REDE 01
S00135,CONTATO SINTETICO 32,contato32@example.test,+55 11 910000032,REDE 31
S01022,CONTATO SINTETICO 33,contato33@example.test,+55 11 910000033,REDE 08
S00015,CONTATO SINTETICO 34,contato34@example.test,+55 11 910000034,REDE 16
S00030,CONTATO SINTETICO 35,contato35@example.test,+55 11 910000035,REDE 31
S01851,CONTATO SINTETICO 36,contato36@example.test,+55 11 910000036,REDE 32
S00869,CONTATO SINTETICO 37,contato37@example.test,+55 11 910000037,REDE 30
S00278,CONTATO SINTETICO 38,contato38@example.test,+55 11 910000038,REDE 34
S01121,CONTATO SINTETICO 39,contato39@example.test,+55 11 910000039,REDE 02
S00480,CONTATO SINTETICO 40,contato40@example.test,+55 11 910000040,REDE 26
S00505,CONTATO SINTETICO 41,contato41@example.test,+55 11 910000041,REDE 16
S00754,CONTATO SINTETICO 42,contato42@example.test,+55 11 910000042,REDE 20
S02325,CONTATO SINTETICO 43,contato43@example.test,+55 11 910000043,REDE 16
S01493,CONTATO SINTETICO 44,contato44@example.test,+55 11 910000044,REDE 24
S01509,CONTATO SINTETICO 45,contato45@example.test,+55 11 910000045,REDE 05
S01359,CONTATO SINTETICO 46,contato46@example.test,+55 11 910000046,REDE 30
S01171,CONTATO SINTETICO 47,contato47@example.test,+55 11 910000047,REDE 17
S02366,CONTATO SINTETICO 48,contato48@example.test,+55 11 910000048,REDE 22
S01705,CONTATO SINTETICO 49,contato49@example.test,+55 11 910000049,REDE 26
S01201,CONTATO SINTETICO 50,contato50@example.test,+55 11 910000050,REDE 12
S01334,CONTATO SINTETICO 51,contato51@example.test,+55 11 910000051,REDE 05
S00445,CONTATO SINTETICO 52,contato52@example.test,+55 11 910000052,REDE 26
S01865,CONTATO SINTETICO 53,contato53@example.test,+55 11 910000053,REDE 11
S00876,CONTATO SINTETICO 54,contato54@example.test,+55 11 910000054,REDE 02
S00945,CONTATO SINTETICO 55,contato55@example.test,+55 11 910000055,REDE 01
S02481,CONTATO SINTETICO 56,contato56@example.test,+55 11 910000056,REDE 32
S01203,CONTATO SINTETICO 57,contato57@example.test,+55 11 910000057,REDE 14
S01595,CONTATO SINTETICO 58,contato58@example.test,+55 11 910000058,REDE 21
S00587,CONTATO SINTETICO 59,contato59@example.test,+55 11 910000059,REDE 28
S01486,CONTATO SINTETICO 60,contato60@example.test,+55 11 910000060,REDE 17
S01103,CONTATO SINTETICO 61,contato61@example.test,+55 11 910000061,REDE 19
S00757,CONTATO SINTETICO 62,contato62@example.test,+55 11 910000062,REDE 23
S00625,CONTATO SINTETICO 63,contato63@example.test,+55 11 910000063,REDE 31
S01691,CONTATO SINTETICO 64,contato64@example.test,+55 11 910000064,REDE 12
S02398,CONTATO SINTETICO 65,contato65@example.test,+55 11 910000065,REDE 19
S00627,CONTATO SINTETICO 66,contato66@example.test,+55 11 910000066,REDE 33
S02374,CONTATO SINTETICO 67,contato67@example.test,+55 11 910000067,REDE 30
S01380,CONTATO SINTETICO 68,contato68@example.test,+55 11 910000068,REDE 16
S00250,CONTATO SINTETICO 69,contato69@example.test,+55 11 910000069,REDE 06
S02094,CONTATO SINTETICO 70,contato70@example.test,+55 11 910000070,REDE 30
S01604,CONTATO SINTETICO 71,contato71@example.test,+55 11 910000071,REDE 30
S00595,CONTATO SINTETICO 72,contato72@example.test,+55 11 910000072,REDE 01
S00375,CONTATO SINTETICO 73,contato73@example.test,+55 11 910000073,REDE 26
S00401,CONTATO SINTETICO 74,contato74@example.test,+55 11 910000074,REDE 17
S01812,CONTATO SINTETICO 75,contato75@example.test,+55 11 910000075,REDE 28
S02215,CONTATO SINTETICO 76,contato76@example.test,+55 11 910000076,REDE 11
S00177,CONTATO SINTETICO 77,contato77@example.test,+55 11 910000077,REDE 03
S00864,CONTATO SINTETICO 78,contato78@example.test,+55 11 910000078,REDE 25
S01561,CONTATO SINTETICO 79,contato79@example.test,+55 11 910000079,REDE 22
S01058,CONTATO SINTETICO 80,contato80@example.test,+55 11 910000080,REDE 09
S01415,CONTATO SINTETICO 81,contato81@example.test,+55 11 910000081,REDE 16
S02463,CONTATO SINTETICO 82,contato82@example.test,+55 11 910000082,REDE 14
S01214,CONTATO SINTETICO 83,contato83@example.test,+55 11 910000083,REDE 25
S00356,CONTATO SINTETICO 84,contato84@example.test,+55 11 910000084,REDE 07
S01531,CONTATO SINTETICO 85,contato85@example.test,+55 11 910000085,REDE 27
S02352,CONTATO SINTETICO 86,contato86@example.test,+55 11 910000086,REDE 08
S01794,CONTATO SINTETICO 87,contato87@example.test,+55 11 910000087,REDE 10
S01234,CONTATO SINTETICO 88,contato88@example.test,+55 11 910000088,REDE 10
S00204,CONTATO SINTETICO 89,contato89@example.test,+55 11 910000089,REDE 30
S00422,CONTATO SINTETICO 90,contato90@example.test,+55 11 910000090,REDE 03
S01348,CONTATO SINTETICO 91,contato91@example.test,+55 11 910000091,REDE 19
S00683,CONTATO SINTETICO 92,contato92@example.test,+55 11 910000092,REDE 19
S00058,CONTATO SINTETICO 93,contato93@example.test,+55 11 910000093,REDE 24
S01545,CONTATO SINTETICO 94,contato94@example.test,+55 11 910000094,REDE 06
S00972,CONTATO SINTETICO 95,contato95@example.test,+55 11 910000095,REDE 28
S00081,CONTATO SINTETICO 96,contato96@example.test,+55 11 910000096,REDE 12
S00369,CONTATO SINTETICO 97,contato97@example.test,+55 11 910000097,REDE 20
S00142,CONTATO SINTETICO 98,contato98@example.test,+55 11 910000098,REDE 03
S00517,CONTATO SINTETICO 99,contato99@example.test,+55 11 910000099,REDE 28
S01954,CONTATO SINTETICO 100,contato100@example.test,+55 11 910000100,REDE 30
S00854,CONTATO SINTETICO 101,contato101@example.test,+55 11 910000101,REDE 15
S00466,CONTATO SINTETICO 102,contato102@example.test,+55 11 910000102,REDE 12
S02340,CONTATO SINTETICO 103,contato103@example.test,+55 11 910000103,REDE 31
S01620,CONTATO SINTETICO 104,contato104@example.test,+55 11 910000104,REDE 11
S00380,CONTATO SINTETICO 105,contato105@example.test,+55 11 910000105,REDE 31
S01808,CONTATO SINTETICO 106,contato106@example.test,+55 11 910000106,REDE 24
S01364,CONTATO SINTETICO 107,contato107@example.test,+55 11 910000107,REDE 35
S00407,CONTATO SINTETICO 108,contato108@example.test,+55 11 910000108,REDE 23
S01464,CONTATO SINTETICO 109,contato109@example.test,+55 11 910000109,REDE 30
S01089,CONTATO SINTETICO 110,contato110@example.test,+55 11 910000110,REDE 05
S00025,CONTATO SINTETICO 111,contato111@example.test,+55 11 910000111,REDE 26
S00699,CONTATO SINTETICO 112,contato112@example.test,+55 11 910000112,REDE 35
S00419,CONTATO SINTETICO 113,contato113@example.test,+55 11 910000113,REDE 35
S01298,CONTATO SINTETICO 114,contato114@example.test,+55 11 910000114,REDE 04
S00165,CONTATO SINTETICO 115,contato115@example.test,+55 11 910000115,REDE 26
S01071,CONTATO SINTETICO 116,contato116@example.test,+55 11 910000116,REDE 22
S02408,CONTATO SINTETICO 117,contato117@example.test,+55 11 910000117,REDE 29
S00160,CONTATO SINTETICO 118,contato118@example.test,+55 11 910000118,REDE 21
S01317,CONTATO SINTETICO 119,contato119@example.test,+55 11 910000119,REDE 23
S01551,CONTATO SINTETICO 120,contato120@example.test,+55 11 910000120,REDE 12
S01350,CONTATO SINTETICO 121,contato121@example.test,+55 11 910000121,REDE 21
S02198,CONTATO SINTETICO 122,contato122@example.test,+55 11 910000122,REDE 29
S02096,CONTATO SINTETICO 123,contato123@example.test,+55 11 910000123,REDE 32
S01981,CONTATO SINTETICO 124,contato124@example.test,+55 11 910000124,REDE 22
S00137,CONTATO SINTETICO 125,contato125@example.test,+55 11 910000125,REDE 33
S01215,CONTATO SINTETICO 126,contato126@example.test,+55 11 910000126,REDE 26
S00927,CONTATO SINTETICO 127,contato127@example.test,+55 11 910000127,REDE 18
S01596,CONTATO SINTETICO 128,contato128@example.test,+55 11 910000128,REDE 22
S00289,CONTATO SINTETICO 129,contato129@example.test,+55 11 910000129,REDE 10
S01898,CONTATO SINTETICO 130,contato130@example.test,+55 11 910000130,REDE 09
S00286,CONTATO SINTETICO 131,contato131@example.test,+55 11 910000131,REDE 07
S01606,CONTATO SINTETICO 132,contato132@example.test,+55 11 910000132,REDE 32
S00139,CONTATO SINTETICO 133,contato133@example.test,+55 11 910000133,REDE 35
S02129,CONTATO SINTETICO 134,contato134@example.test,+55 11 910000134,REDE 30
S01243,CONTATO SINTETICO 135,contato135@example.test,+55 11 910000135,REDE 19
S02092,CONTATO SINTETICO 136,contato136@example.test,+55 11 910000136,REDE 28
S01251,CONTATO SINTETICO 137,contato137@example.test,+55 11 910000137,REDE 27
S01474,CONTATO SINTETICO 138,contato138@example.test,+55 11 910000138,REDE 05
S00799,CONTATO SINTETICO 139,contato139@example.test,+55 11 910000139,REDE 30
S02309,CONTATO SINTETICO 140,contato140@example.test,+55 11 910000140,REDE 35
S00498,CONTATO SINTETICO 141,contato141@example.test,+55 11 910000141,REDE 09
S02477,CONTATO SINTETICO 142,contato142@example.test,+55 11 910000142,REDE 28
S02245,CONTATO SINTETICO 143,contato143@example.test,+55 11 910000143,REDE 06
S01666,CONTATO SINTETICO 144,contato144@example.test,+55 11 910000144,REDE 22
S00575,CONTATO SINTETICO 145,contato145@example.test,+55 11 910000145,REDE 16
S02124,CONTATO SINTETICO 146,contato146@example.test,+55 11 910000146,REDE 25
S01436,CONTATO SINTETICO 147,contato147@example.test,+55 11 910000147,REDE 02
S01419,CONTATO SINTETICO 148,contato148@example.test,+55 11 910000148,REDE 20
S00673,CONTATO SINTETICO 149,contato149@example.test,+55 11 910000149,REDE 09
S00306,CONTATO SINTETICO 150,contato150@example.test,+55 11 910000150,REDE 27
S00933,CONTATO SINTETICO 151,contato151@example.test,+55 11 910000151,REDE 24
S01135,CONTATO SINTETICO 152,contato152@example.test,+55 11 910000152,REDE 16
S01056,CONTATO SINTETICO 153,contato153@example.test,+55 11 910000153,REDE 07
S02324,CONTATO SINTETICO 154,contato154@example.test,+55 11 910000154,REDE 15
S00556,CONTATO SINTETICO 155,contato155@example.test,+55 11 910000155,REDE 32
S00361,CONTATO SINTETICO 156,contato156@example.test,+55 11 910000156,REDE 12
S01960,CONTATO SINTETICO 157,contato157@example.test,+55 11 910000157,REDE 01
S01416,CONTATO SINTETICO 158,contato158@example.test,+55 11 910000158,REDE 17
S01297,CONTATO SINTETICO 159,contato159@example.test,+55 11 910000159,REDE 03
S01136,CONTATO SINTETICO 160,contato160@example.test,+55 11 910000160,REDE 17
S01716,CONTATO SINTETICO 161,contato161@example.test,+55 11 910000161,REDE 02
S00154,CONTATO SINTETICO 162,contato162@example.test,+55 11 910000162,REDE 15
S02121,CONTATO SINTETICO 163,contato163@example.test,+55 11 910000163,REDE 22
S01879,CONTATO SINTETICO 164,contato164@example.test,+55 11 910000164,REDE 25
S01320,CONTATO SINTETICO 165,contato165@example.test,+55 11 910000165,REDE 26
S01927,CONTATO SINTETICO 166,contato166@example.test,+55 11 910000166,REDE 03
S00638,CONTATO SINTETICO 167,contato167@example.test,+55 11 910000167,REDE 09
S01741,CONTATO SINTETICO 168,contato168@example.test,+55 11 910000168,REDE 27
S01322,CONTATO SINTETICO 169,contato169@example.test,+55 11 910000169,REDE 28
S01706,CONTATO SINTETICO 170,contato170@example.test,+55 11 910000170,REDE 27
S01944,CONTATO SINTETICO 171,contato171@example.test,+55 11 910000171,REDE 20
S00528,CONTATO SINTETICO 172,contato172@example.test,+55 11 910000172,REDE 04
S01105,CONTATO SINTETICO 173,contato173@example.test,+55 11 910000173,REDE 21
S01984,CONTATO SINTETICO 174,contato174@example.test,+55 11 910000174,REDE 25
S02344,CONTATO SINTETICO 175,contato175@example.test,+55 11 910000175,REDE 35
S00360,CONTATO SINTETICO 176,contato176@example.test,+55 11 910000176,REDE 11
S01344,CONTATO SINTETICO 177,contato177@example.test,+55 11 910000177,REDE 15
S01517,CONTATO SINTETICO 178,contato178@example.test,+55 11 910000178,REDE 13
S02100,CONTATO SINTETICO 179,contato179@example.test,+55 11 910000179,REDE 01
S02126,CONTATO SINTETICO 180,contato180@example.test,+55 11 910000180,REDE 27
S01520,CONTATO SINTETICO 181,contato181@example.test,+55 11 910000181,REDE 16
S01254,CONTATO SINTETICO 182,contato182@example.test,+55 11 910000182,REDE 30
S00119,CONTATO SINTETICO 183,contato183@example.test,+55 11 910000183,REDE 15
S01363,CONTATO SINTETICO 184,contato184@example.test,+55 11 910000184,REDE 34
S01004,CONTATO SINTETICO 185,contato185@example.test,+55 11 910000185,REDE 25
S00039,CONTATO SINTETICO 186,contato186@example.test,+55 11 910000186,REDE 05
S01388,CONTATO SINTETICO 187,contato187@example.test,+55 11 910000187,REDE 24
S01529,CONTATO SINTETICO 188,contato188@example.test,+55 11 910000188,REDE 25
S01272,CONTATO SINTETICO 189,contato189@example.test,+55 11 910000189,REDE 13
S00931,CONTATO SINTETICO 190,contato190@example.test,+55 11 910000190,REDE 22
S01304,CONTATO SINTETICO 191,contato191@example.test,+55 11 910000191,REDE 10
S00786,CONTATO SINTETICO 192,contato192@example.test,+55 11 910000192,REDE 17
S02192,CONTATO SINTETICO 193,contato193@example.test,+55 11 910000193,REDE 23
S01539,CONTATO SINTETICO 194,contato194@example.test,+55 11 910000194,REDE 35
S00168,CONTATO SINTETICO 195,contato195@example.test,+55 11 910000195,REDE 29
S00779,CONTATO SINTETICO 196,contato196@example.test,+55 11 910000196,REDE 10
S01832,CONTATO SINTETICO 197,contato197@example.test,+55 11 910000197,REDE 13
S01827,CONTATO SINTETICO 198,contato198@example.test,+55 11 910000198,REDE 08
S00354,CONTATO SINTETICO 199,contato199@example.test,+55 11 910000199,REDE 05
S01623,CONTATO SINTETICO 200,contato200@example.test,+55 11 910000200,REDE 14
S02358,CONTATO SINTETICO 201,contato201@example.test,+55 11 910000201,REDE 14
S02457,CONTATO SINTETICO 202,contato202@example.test,+55 11 910000202,REDE 08
S00831,CONTATO SINTETICO 203,contato203@example.test,+55 11 910000203,REDE 27
S00421,CONTATO SINTETICO 204,contato204@example.test,+55 11 910000204,REDE 02
S00435,CONTATO SINTETICO 205,contato205@example.test,+55 11 910000205,REDE 16
S01566,CONTATO SINTETICO 206,contato206@example.test,+55 11 910000206,REDE 27
S01161,CONTATO SINTETICO 207,contato207@example.test,+55 11 910000207,REDE 07
S01382,CONTATO SINTETICO 208,contato208@example.test,+55 11 910000208,REDE 18
S00408,CONTATO SINTETICO 209,contato209@example.test,+55 11 910000209,REDE 24
S01924,CONTATO SINTETICO 210,contato210@example.test,+55 11 910000210,REDE 35
S00879,CONTATO SINTETICO 211,contato211@example.test,+55 11 910000211,REDE 05
S00773,CONTATO SINTETICO 212,contato212@example.test,+55 11 910000212,REDE 04
S00476,CONTATO SINTETICO 213,contato213@example.test,+55 11 910000213,REDE 22
S01592,CONTATO SINTETICO 214,contato214@example.test,+55 11 910000214,REDE 18
S02128,CONTATO SINTETICO 215,contato215@example.test,+55 11 910000215,REDE 29
S01018,CONTATO SINTETICO 216,contato216@example.test,+55 11 910000216,REDE 04
S01965,CONTATO SINTETICO 217,contato217@example.test,+55 11 910000217,REDE 06
S01222,CONTATO SINTETICO 218,contato218@example.test,+55 11 910000218,REDE 33
S02018,CONTATO SINTETICO 219,contato219@example.test,+55 11 910000219,REDE 24
S02114,CONTATO SINTETICO 220,contato220@example.test,+55 11 910000220,REDE 15
S01946,CONTATO SINTETICO 221,contato221@example.test,+55 11 910000221,REDE 22
S01845,CONTATO SINTETICO 222,contato222@example.test,+55 11 910000222,REDE 26
S00181,CONTATO SINTETICO 223,contato223@example.test,+55 11 910000223,REDE 07
S00296,CONTATO SINTETICO 224,contato224@example.test,+55 11 910000224,REDE 17
S01399,CONTATO SINTETICO 225,contato225@example.test,+55 11 910000225,REDE 35
S01870,CONTATO SINTETICO 226,contato226@example.test,+55 11 910000226,REDE 16
S01312,CONTATO SINTETICO 227,contato227@example.test,+55 11 910000227,REDE 18
S00116,CONTATO SINTETICO 228,contato228@example.test,+55 11 910000228,REDE 12
S02365,CONTATO SINTETICO 229,contato229@example.test,+55 11 910000229,REDE 21
S01534,CONTATO SINTETICO 230,contato230@example.test,+55 11 910000230,REDE 30
S01882,CONTATO SINTETICO 231,contato231@example.test,+55 11 910000231,REDE 28
S02385,CONTATO SINTETICO 232,contato232@example.test,+55 11 910000232,REDE 06
S00038,CONTATO SINTETICO 233,contato233@example.test,+55 11 910000233,REDE 04
S02390,CONTATO SINTETICO 234,contato234@example.test,+55 11 910000234,REDE 11
S01265,CONTATO SINTETICO 235,contato235@example.test,+55 11 910000235,REDE 06
S01951,CONTATO SINTETICO 236,contato236@example.test,+55 11 910000236,REDE 27
S00534,CONTATO SINTETICO 237,contato237@example.test,+55 11 910000237,REDE 10
S00033,CONTATO SINTETICO 238,contato238@example.test,+55 11 910000238,REDE 34
S00765,CONTATO SINTETICO 239,contato239@example.test,+55 11 910000239,REDE 31
S00229,CONTATO SINTETICO 240,contato240@example.test,+55 11 910000240,REDE 20
S02055,CONTATO SINTETICO 241,contato241@example.test,+55 11 910000241,REDE 26
S01962,CONTATO SINTETICO 242,contato242@example.test,+55 11 910000242,REDE 03
S01227,CONTATO SINTETICO 243,contato243@example.test,+55 11 910000243,REDE 03
S02310,CONTATO SINTETICO 244,contato244@example.test,+55 11 910000244,REDE 01
S01992,CONTATO SINTETICO 245,contato245@example.test,+55 11 910000245,REDE 33
S02351,CONTATO SINTETICO 246,contato246@example.test,+55 11 910000246,REDE 07
S00697,CONTATO SINTETICO 247,contato247@example.test,+55 11 910000247,REDE 33
S00841,CONTATO SINTETICO 248,contato248@example.test,+55 11 910000248,REDE 02
S01026,CONTATO SINTETICO 249,contato249@example.test,+55 11 910000249,REDE 12
S01711,CONTATO SINTETICO 250,contato250@example.test,+55 11 910000250,REDE 32
S01274,CONTATO SINTETICO 251,contato251@example.test,+55 11 910000251,REDE 15
S02341,CONTATO SINTETICO 252,contato252@example.test,+55 11 910000252,REDE 32
S01907,CONTATO SINTETICO 253,contato253@example.test,+55 11 910000253,REDE 18
S00580,CONTATO SINTETICO 254,contato254@example.test,+55 11 910000254,REDE 21
S00990,CONTATO SINTETICO 255,contato255@example.test,+55 11 910000255,REDE 11
S00664,CONTATO SINTETICO 256,contato256@example.test,+55 11 910000256,REDE 35
S02180,CONTATO SINTETICO 257,contato257@example.test,+55 11 910000257,REDE 11
S00790,CONTATO SINTETICO 258,contato258@example.test,+55 11 910000258,REDE 21
S00705,CONTATO SINTETICO 259,contato259@example.test,+55 11 910000259,REDE 06
S01404,CONTATO SINTETICO 260,contato260@example.test,+55 11 910000260,REDE 05
S00868,CONTATO SINTETICO 261,contato261@example.test,+55 11 910000261,REDE 29
S00066,CONTATO SINTETICO 262,contato262@example.test,+55 11 910000262,REDE 32
S01745,CONTATO SINTETICO 263,contato263@example.test,+55 11 910000263,REDE 31
S01892,CONTATO SINTETICO 264,contato264@example.test,+55 11 910000264,REDE 03
S00054,CONTATO SINTETICO 265,contato265@example.test,+55 11 910000265,REDE 20
S00034,CONTATO SINTETICO 266,contato266@example.test,+55 11 910000266,REDE 35
S02209,CONTATO SINTETICO 267,contato267@example.test,+55 11 910000267,REDE 05
S01124,CONTATO SINTETICO 268,contato268@example.test,+55 11 910000268,REDE 05
S01226,CONTATO SINTETICO 269,contato269@example.test,+55 11 910000269,REDE 02
S01910,CONTATO SINTETICO 270,contato270@example.test,+55 11 910000270,REDE 21
S00602,CONTATO SINTETICO 271,contato271@example.test,+55 11 910000271,REDE 08
S02225,CONTATO SINTETICO 272,contato272@example.test,+55 11 910000272,REDE 21
S01971,CONTATO SINTETICO 273,contato273@example.test,+55 11 910000273,REDE 12
S01104,CONTATO SINTETICO 274,contato274@example.test,+55 11 910000274,REDE 20
S00665,CONTATO SINTETICO 275,contato275@example.test,+55 11 910000275,REDE 01
S02434,CONTATO SINTETICO 276,contato276@example.test,+55 11 910000276,REDE 20
S02082,CONTATO SINTETICO 277,contato277@example.test,+55 11 910000277,REDE 18
S00017,CONTATO SINTETICO 278,contato278@example.test,+55 11 910000278,REDE 18
S00520,CONTATO SINTETICO 279,contato279@example.test,+55 11 910000279,REDE 31
S00507,CONTATO SINTETICO 280,contato280@example.test,+55 11 910000280,REDE 18
S01598,CONTATO SINTETICO 281,contato281@example.test,+55 11 910000281,REDE 24
S00082,CONTATO SINTETICO 282,contato282@example.test,+55 11 910000282,REDE 13
S00432,CONTATO SINTETICO 283,contato283@example.test,+55 11 910000283,REDE 13
S01712,CONTATO SINTETICO 284,contato284@example.test,+55 11 910000284,REDE 33
S00837,CONTATO SINTETICO 285,contato285@example.test,+55 11 910000285,REDE 33
S02182,CONTATO SINTETICO 286,contato286@example.test,+55 11 910000286,REDE 13
S01051,CONTATO SINTETICO 287,contato287@example.test,+55 11 910000287,REDE 02
S00632,CONTATO SINTETICO 288,contato288@example.test,+55 11 910000288,REDE 03
S02355,CONTATO SINTETICO 289,contato289@example.test,+55 11 910000289,REDE 11
S00215,CONTATO SINTETICO 290,contato290@example.test,+55 11 910000290,REDE 06
S01609,CONTATO SINTETICO 291,contato291@example.test,+55 11 910000291,REDE 35
S01760,CONTATO SINTETICO 292,contato292@example.test,+55 11 910000292,REDE 11
S02071,CONTATO SINTETICO 293,contato293@example.test,+55 11 910000293,REDE 07
S01934,CONTATO SINTETICO 294,contato294@example.test,+55 11 910000294,REDE 10
S01823,CONTATO SINTETICO 295,contato295@example.test,+55 11 910000295,REDE 04
S00684,CONTATO SINTETICO 296,contato296@example.test,+55 11 910000296,REDE 20
S01412,CONTATO SINTETICO 297,contato297@example.test,+55 11 910000297,REDE 13
S00195,CONTATO SINTETICO 298,contato298@example.test,+55 11 910000298,REDE 21
S02062,CONTATO SINTETICO 299,contato299@example.test,+55 11 910000299,REDE 33
S00519,CONTATO SINTETICO 300,contato300@example.test,+55 11 910000300,REDE 30
S00852,CONTATO SINTETICO 301,contato301@example.test,+55 11 910000301,REDE 13
S00064,CONTATO SINTETICO 302,contato302@example.test,+55 11 910000302,REDE 30
S02413,CONTATO SINTETICO 303,contato303@example.test,+55 11 910000303,REDE 34
S01132,CONTATO SINTETICO 304,contato304@example.test,+55 11 910000304,REDE 13
S01601,CONTATO SINTETICO 305,contato305@example.test,+55 11 910000305,REDE 27
S00552,CONTATO SINTETICO 306,contato306@example.test,+55 11 910000306,REDE 28
S02386,CONTATO SINTETICO 307,contato307@example.test,+55 11 910000307,REDE 07
S00895,CONTATO SINTETICO 308,contato308@example.test,+55 11 910000308,REDE 21
S01713,CONTATO SINTETICO 309,contato309@example.test,+55 11 910000309,REDE 34
S01715,CONTATO SINTETICO 310,contato310@example.test,+55 11 910000310,REDE 01
S02411,CONTATO SINTETICO 311,contato311@example.test,+55 11 910000311,REDE 32
S00866,CONTATO SINTETICO 312,contato312@example.test,+55 11 910000312,REDE 27
S01335,CONTATO SINTETICO 313,contato313@example.test,+55 11 910000313,REDE 06
S01913,CONTATO SINTETICO 314,contato314@example.test,+55 11 910000314,REDE 24
S02279,CONTATO SINTETICO 315,contato315@example.test,+55 11 910000315,REDE 05
S01824,CONTATO SINTETICO 316,contato316@example.test,+55 11 910000316,REDE 05
S00391,CONTATO SINTETICO 317,contato317@example.test,+55 11 910000317,REDE 07
S02051,CONTATO SINTETICO 318,contato318@example.test,+55 11 910000318,REDE 22
S00672,CONTATO SINTETICO 319,contato319@example.test,+55 11 910000319,REDE 08
S00912,CONTATO SINTETICO 320,contato320@example.test,+55 11 910000320,REDE 03
S02134,CONTATO SINTETICO 321,contato321@example.test,+55 11 910000321,REDE 35
S01303,CONTATO SINTETICO 322,contato322@example.test,+55 11 910000322,REDE 09
S01192,CONTATO SINTETICO 323,contato323@example.test,+55 11 910000323,REDE 03
S00371,CONTATO SINTETICO 324,contato324@example.test,+55 11 910000324,REDE 22
S01726,CONTATO SINTETICO 325,contato325@example.test,+55 11 910000325,REDE 12
S00919,CONTATO SINTETICO 326,contato326@example.test,+55 11 910000326,REDE 10
S00846,CONTATO SINTETICO 327,contato327@example.test,+55 11 910000327,REDE 07
S00848,CONTATO SINTETICO 328,contato328@example.test,+55 11 910000328,REDE 09
S00584,CONTATO SINTETICO 329,contato329@example.test,+55 11 910000329,REDE 25
S00994,CONTATO SINTETICO 330,contato330@example.test,+55 11 910000330,REDE 15
S01616,CONTATO SINTETICO 331,contato331@example.test,+55 11 910000331,REDE 07
S01959,CONTATO SINTETICO 332,contato332@example.test,+55 11 910000332,REDE 35
S01238,CONTATO SINTETICO 333,contato333@example.test,+55 11 910000333,REDE 14
S00475,CONTATO SINTETICO 334,contato334@example.test,+55 11 910000334,REDE 21
S01915,CONTATO SINTETICO 335,contato335@example.test,+55 11 910000335,REDE 26
S02110,CONTATO SINTETICO 336,contato336@example.test,+55 11 910000336,REDE 11
S02120,CONTATO SINTETICO 337,contato337@example.test,+55 11 910000337,REDE 21
S00155,CONTATO SINTETICO 338,contato338@example.test,+55 11 910000338,REDE 16
S02302,CONTATO SINTETICO 339,contato339@example.test,+55 11 910000339,REDE 28
S00364,CONTATO SINTETICO 340,contato340@example.test,+55 11 910000340,REDE 15
S02264,CONTATO SINTETICO 341,contato341@example.test,+55 11 910000341,REDE 25
S00442,CONTATO SINTETICO 342,contato342@example.test,+55 11 910000342,REDE 23
S00903,CONTATO SINTETICO 343,contato343@example.test,+55 11 910000343,REDE 29
S00059,CONTATO SINTETICO 344,contato344@example.test,+55 11 910000344,REDE 25
S02013,CONTATO SINTETICO 345,contato345@example.test,+55 11 910000345,REDE 19
S01054,CONTATO SINTETICO 346,contato346@example.test,+55 11 910000346,REDE 05
S01692,CONTATO SINTETICO 347,contato347@example.test,+55 11 910000347,REDE 13
S00731,CONTATO SINTETICO 348,contato348@example.test,+55 11 910000348,REDE 32
S01775,CONTATO SINTETICO 349,contato349@example.test,+55 11 910000349,REDE 26
S01097,CONTATO SINTETICO 350,contato350@example.test,+55 11 910000350,REDE 13
S01066,CONTATO SINTETICO 351,contato351@example.test,+55 11 910000351,REDE 17
S00339,CONTATO SINTETICO 352,contato352@example.test,+55 11 910000352,REDE 25
S02130,CONTATO SINTETICO 353,contato353@example.test,+55 11 910000353,REDE 31
S01990,CONTATO SINTETICO 354,contato354@example.test,+55 11 910000354,REDE 31
S01427,CONTATO SINTETICO 355,contato355@example.test,+55 11 910000355,REDE 28
S00334,CONTATO SINTETICO 356,contato356@example.test,+55 11 910000356,REDE 20
S00775,CONTATO SINTETICO 357,contato357@example.test,+55 11 910000357,REDE 06
S00992,CONTATO SINTETICO 358,contato358@example.test,+55 11 910000358,REDE 13
S01720,CONTATO SINTETICO 359,contato359@example.test,+55 11 910000359,REDE 06
S01727,CONTATO SINTETICO 360,contato360@example.test,+55 11 910000360,REDE 13
S01331,CONTATO SINTETICO 361,contato361@example.test,+55 11 910000361,REDE 02
S00471,CONTATO SINTETICO 362,contato362@example.test,+55 11 910000362,REDE 17
S01114,CONTATO SINTETICO 363,contato363@example.test,+55 11 910000363,REDE 30
S01204,CONTATO SINTETICO 364,contato364@example.test,+55 11 910000364,REDE 15
S00939,CONTATO SINTETICO 365,contato365@example.test,+55 11 910000365,REDE 30
S00357,CONTATO SINTETICO 366,contato366@example.test,+55 11 910000366,REDE 08
S00295,CONTATO SINTETICO 367,contato367@example.test,+55 11 910000367,REDE 16
S02427,CONTATO SINTETICO 368,contato368@example.test,+55 11 910000368,REDE 13
S01568,CONTATO SINTETICO 369,contato369@example.test,+55 11 910000369,REDE 29
S01670,CONTATO SINTETICO 370,contato370@example.test,+55 11 910000370,REDE 26
S01902,CONTATO SINTETICO 371,contato371@example.test,+55 11 910000371,REDE 13
S01938,CONTATO SINTETICO 372,contato372@example.test,+55 11 910000372,REDE 14
S01328,CONTATO SINTETICO 373,contato373@example.test,+55 11 910000373,REDE 34
S01117,CONTATO SINTETICO 374,contato374@example.test,+55 11 910000374,REDE 33
S02449,CONTATO SINTETICO 375,contato375@example.test,+55 11 910000375,REDE 35
S00218,CONTATO SINTETICO 376,contato376@example.test,+55 11 910000376,REDE 09
S00182,CONTATO SINTETICO 377,contato377@example.test,+55 11 910000377,REDE 08
S01682,CONTATO SINTETICO 378,contato378@example.test,+55 11 910000378,REDE 03
S00468,CONTATO SINTETICO 379,contato379@example.test,+55 11 910000379,REDE 14
S00875,CONTATO SINTETICO 380,contato380@example.test,+55 11 910000380,REDE 01
S02316,CONTATO SINTETICO 381,contato381@example.test,+55 11 910000381,REDE 07
S01307,CONTATO SINTETICO 382,contato382@example.test,+55 11 910000382,REDE 13
S00659,CONTATO SINTETICO 383,contato383@example.test,+55 11 910000383,REDE 30
S00429,CONTATO SINTETICO 384,contato384@example.test,+55 11 910000384,REDE 10
S00737,CONTATO SINTETICO 385,contato385@example.test,+55 11 910000385,REDE 03
S00588,CONTATO SINTETICO 386,contato386@example.test,+55 11 910000386,REDE 29
S00294,CONTATO SINTETICO 387,contato387@example.test,+55 11 910000387,REDE 15
S00285,CONTATO SINTETICO 388,contato388@example.test,+55 11 910000388,REDE 06
S02140,CONTATO SINTETICO 389,contato389@example.test,+55 11 910000389,REDE 06
S00076,CONTATO SINTETICO 390,contato390@example.test,+55 11 910000390,REDE 07
S01310,CONTATO SINTETICO 391,contato391@example.test,+55 11 910000391,REDE 16
S02456,CONTATO SINTETICO 392,contato392@example.test,+55 11 910000392,REDE 07
S01336,CONTATO SINTETICO 393,contato393@example.test,+55 11 910000393,REDE 07
S00954,CONTATO SINTETICO 394,contato394@example.test,+55 11 910000394,REDE 10
S01929,CONTATO SINTETICO 395,contato395@example.test,+55 11 910000395,REDE 05
S00882,CONTATO SINTETICO 396,contato396@example.test,+55 11 910000396,REDE 08
S02083,CONTATO SINTETICO 397,contato397@example.test,+55 11 910000397,REDE 19
S02490,CONTATO SINTETICO 398,contato398@example.test,+55 11 910000398,REDE 06
S00112,CONTATO SINTETICO 399,contato399@example.test,+55 11 910000399,REDE 08
S01406,CONTATO SINTETICO 400,contato400@example.test,+55 11 910000400,REDE 07
